,High,Low
0,3133.8012854324534,3099.7095371999258
1,3121.2681058609173,3087.0059971699247
2,3109.702504684815,3075.2700355353577
3,3099.3805106216305,3064.777681013709
4,3083.6565512687494,3048.883361202363
